{"format":"Transformational debugger info","version":1,
"info":{"name":"Wassertank","description":""},
"variables":{
"limIntegrator.y":{"comment":"Connector of Real output signal","kind":"state","type":"Real","unit":"","displayUnit":"","source":{"info":{"file":"C:/Users/proto/AppData/Roaming/.openmodelica/libraries/Modelica 4.0.0+maint.om/Blocks/Interfaces.mo","lineStart":329,"lineEnd":330,"colStart":5,"colEnd":56}}},
"der(limIntegrator.y)":{"comment":"der(Connector of Real output signal)","kind":"derivative","type":"Real","unit":"","displayUnit":"","source":{"info":{"file":"C:/Users/proto/AppData/Roaming/.openmodelica/libraries/Modelica 4.0.0+maint.om/Blocks/Interfaces.mo","lineStart":329,"lineEnd":330,"colStart":5,"colEnd":56}}},
"limIntegrator.local_set":{"comment":"","kind":"variable","type":"Real","unit":"","displayUnit":"","source":{"info":{"file":"C:/Users/proto/AppData/Roaming/.openmodelica/libraries/Modelica 4.0.0+maint.om/Blocks/Continuous.mo","lineStart":160,"lineEnd":160,"colStart":5,"colEnd":80}}},
"limIntegrator.u":{"comment":"Connector of Real input signal","kind":"variable","type":"Real","unit":"","displayUnit":"","source":{"info":{"file":"C:/Users/proto/AppData/Roaming/.openmodelica/libraries/Modelica 4.0.0+maint.om/Blocks/Interfaces.mo","lineStart":327,"lineEnd":328,"colStart":5,"colEnd":58}}},
"u_in":{"comment":"","kind":"variable","type":"Real","unit":"","displayUnit":"","source":{"info":{"file":"//Mac/Dropbox/HSD_Nextcloud/Lehrveranstaltungen/Sommersemester/Modellbildung_Simulation/OpenModelica/Wassertank.mo","lineStart":3,"lineEnd":3,"colStart":3,"colEnd":18}}},
"u_out":{"comment":"","kind":"variable","type":"Real","unit":"","displayUnit":"","source":{"info":{"file":"//Mac/Dropbox/HSD_Nextcloud/Lehrveranstaltungen/Sommersemester/Modellbildung_Simulation/OpenModelica/Wassertank.mo","lineStart":4,"lineEnd":4,"colStart":3,"colEnd":19}}},
"y":{"comment":"","kind":"variable","type":"Real","unit":"","displayUnit":"","source":{"info":{"file":"//Mac/Dropbox/HSD_Nextcloud/Lehrveranstaltungen/Sommersemester/Modellbildung_Simulation/OpenModelica/Wassertank.mo","lineStart":7,"lineEnd":7,"colStart":3,"colEnd":16}}},
"$whenCondition1":{"comment":"limIntegrator.y <= 0.001","kind":"discrete","type":"Boolean","unit":"","displayUnit":"","source":{"info":{"file":"//Mac/Dropbox/HSD_Nextcloud/Lehrveranstaltungen/Sommersemester/Modellbildung_Simulation/OpenModelica/Wassertank.mo","lineStart":38,"lineEnd":47,"colStart":5,"colEnd":11}}},
"$whenCondition2":{"comment":"limIntegrator.y >= max_hoehe - 0.001","kind":"discrete","type":"Boolean","unit":"","displayUnit":"","source":{"info":{"file":"//Mac/Dropbox/HSD_Nextcloud/Lehrveranstaltungen/Sommersemester/Modellbildung_Simulation/OpenModelica/Wassertank.mo","lineStart":38,"lineEnd":47,"colStart":5,"colEnd":11}}},
"$whenCondition3":{"comment":"not limIntegrator.y <= 0.001 and not limIntegrator.y >= max_hoehe - 0.001","kind":"discrete","type":"Boolean","unit":"","displayUnit":"","source":{"info":{"file":"//Mac/Dropbox/HSD_Nextcloud/Lehrveranstaltungen/Sommersemester/Modellbildung_Simulation/OpenModelica/Wassertank.mo","lineStart":38,"lineEnd":47,"colStart":5,"colEnd":11}}},
"highSignal":{"comment":"","kind":"discrete","type":"Boolean","unit":"","displayUnit":"","source":{"info":{"file":"//Mac/Dropbox/HSD_Nextcloud/Lehrveranstaltungen/Sommersemester/Modellbildung_Simulation/OpenModelica/Wassertank.mo","lineStart":27,"lineEnd":27,"colStart":3,"colEnd":30}}},
"limIntegrator.local_reset":{"comment":"","kind":"discrete","type":"Boolean","unit":"","displayUnit":"","source":{"info":{"file":"C:/Users/proto/AppData/Roaming/.openmodelica/libraries/Modelica 4.0.0+maint.om/Blocks/Continuous.mo","lineStart":159,"lineEnd":159,"colStart":5,"colEnd":85}}},
"lowSignal":{"comment":"","kind":"discrete","type":"Boolean","unit":"","displayUnit":"","source":{"info":{"file":"//Mac/Dropbox/HSD_Nextcloud/Lehrveranstaltungen/Sommersemester/Modellbildung_Simulation/OpenModelica/Wassertank.mo","lineStart":26,"lineEnd":26,"colStart":3,"colEnd":29}}},
"y_high":{"comment":"","kind":"variable","type":"Boolean","unit":"","displayUnit":"","source":{"info":{"file":"//Mac/Dropbox/HSD_Nextcloud/Lehrveranstaltungen/Sommersemester/Modellbildung_Simulation/OpenModelica/Wassertank.mo","lineStart":11,"lineEnd":11,"colStart":3,"colEnd":24}}},
"y_low":{"comment":"","kind":"variable","type":"Boolean","unit":"","displayUnit":"","source":{"info":{"file":"//Mac/Dropbox/HSD_Nextcloud/Lehrveranstaltungen/Sommersemester/Modellbildung_Simulation/OpenModelica/Wassertank.mo","lineStart":10,"lineEnd":10,"colStart":3,"colEnd":23}}},
"u_in":{"comment":"","kind":"variable","type":"Real","unit":"","displayUnit":"","source":{"info":{"file":"//Mac/Dropbox/HSD_Nextcloud/Lehrveranstaltungen/Sommersemester/Modellbildung_Simulation/OpenModelica/Wassertank.mo","lineStart":3,"lineEnd":3,"colStart":3,"colEnd":18}}},
"u_out":{"comment":"","kind":"variable","type":"Real","unit":"","displayUnit":"","source":{"info":{"file":"//Mac/Dropbox/HSD_Nextcloud/Lehrveranstaltungen/Sommersemester/Modellbildung_Simulation/OpenModelica/Wassertank.mo","lineStart":4,"lineEnd":4,"colStart":3,"colEnd":19}}},
"$outputAlias_y_high":{"comment":"","kind":"discrete","type":"Boolean","unit":"","displayUnit":"","source":{"info":{"file":"//Mac/Dropbox/HSD_Nextcloud/Lehrveranstaltungen/Sommersemester/Modellbildung_Simulation/OpenModelica/Wassertank.mo","lineStart":11,"lineEnd":11,"colStart":3,"colEnd":24}}},
"$outputAlias_y_low":{"comment":"","kind":"discrete","type":"Boolean","unit":"","displayUnit":"","source":{"info":{"file":"//Mac/Dropbox/HSD_Nextcloud/Lehrveranstaltungen/Sommersemester/Modellbildung_Simulation/OpenModelica/Wassertank.mo","lineStart":10,"lineEnd":10,"colStart":3,"colEnd":23}}},
"initial_hoehe":{"comment":"","kind":"parameter","type":"Real","unit":"","displayUnit":"","source":{"info":{"file":"//Mac/Dropbox/HSD_Nextcloud/Lehrveranstaltungen/Sommersemester/Modellbildung_Simulation/OpenModelica/Wassertank.mo","lineStart":15,"lineEnd":15,"colStart":3,"colEnd":37}}},
"limIntegrator.k":{"comment":"Integrator gain","kind":"parameter","type":"Real","unit":"1","displayUnit":"","source":{"info":{"file":"C:/Users/proto/AppData/Roaming/.openmodelica/libraries/Modelica 4.0.0+maint.om/Blocks/Continuous.mo","lineStart":129,"lineEnd":129,"colStart":5,"colEnd":51}}},
"limIntegrator.outMax":{"comment":"Upper limit of output","kind":"parameter","type":"Real","unit":"","displayUnit":"","source":{"info":{"file":"C:/Users/proto/AppData/Roaming/.openmodelica/libraries/Modelica 4.0.0+maint.om/Blocks/Continuous.mo","lineStart":130,"lineEnd":130,"colStart":5,"colEnd":59}}},
"limIntegrator.outMin":{"comment":"Lower limit of output","kind":"parameter","type":"Real","unit":"","displayUnit":"","source":{"info":{"file":"C:/Users/proto/AppData/Roaming/.openmodelica/libraries/Modelica 4.0.0+maint.om/Blocks/Continuous.mo","lineStart":131,"lineEnd":131,"colStart":5,"colEnd":58}}},
"limIntegrator.y_start":{"comment":"Initial or guess value of output (must be in the limits outMin .. outMax)","kind":"parameter","type":"Real","unit":"","displayUnit":"","source":{"info":{"file":"C:/Users/proto/AppData/Roaming/.openmodelica/libraries/Modelica 4.0.0+maint.om/Blocks/Continuous.mo","lineStart":142,"lineEnd":144,"colStart":5,"colEnd":50}}},
"max_hoehe":{"comment":"","kind":"parameter","type":"Real","unit":"","displayUnit":"","source":{"info":{"file":"//Mac/Dropbox/HSD_Nextcloud/Lehrveranstaltungen/Sommersemester/Modellbildung_Simulation/OpenModelica/Wassertank.mo","lineStart":14,"lineEnd":14,"colStart":3,"colEnd":31}}},
"limIntegrator.initType":{"comment":"Type of initialization (1: no init, 2: steady state, 3/4: initial output)","kind":"parameter","type":"Enumeration","unit":"","displayUnit":"","source":{"info":{"file":"C:/Users/proto/AppData/Roaming/.openmodelica/libraries/Modelica 4.0.0+maint.om/Blocks/Continuous.mo","lineStart":136,"lineEnd":138,"colStart":5,"colEnd":64}}},
"limIntegrator.limitsAtInit":{"comment":"= false, if limits are ignored during initialization (i.e., der(y)=k*u)","kind":"parameter","type":"Boolean","unit":"","displayUnit":"","source":{"info":{"file":"C:/Users/proto/AppData/Roaming/.openmodelica/libraries/Modelica 4.0.0+maint.om/Blocks/Continuous.mo","lineStart":139,"lineEnd":141,"colStart":5,"colEnd":64}}},
"limIntegrator.strict":{"comment":"= true, if strict limits with noEvent(..)","kind":"parameter","type":"Boolean","unit":"","displayUnit":"","source":{"info":{"file":"C:/Users/proto/AppData/Roaming/.openmodelica/libraries/Modelica 4.0.0+maint.om/Blocks/Continuous.mo","lineStart":145,"lineEnd":146,"colStart":5,"colEnd":81}}},
"limIntegrator.use_reset":{"comment":"= true, if reset port enabled","kind":"parameter","type":"Boolean","unit":"","displayUnit":"","source":{"info":{"file":"C:/Users/proto/AppData/Roaming/.openmodelica/libraries/Modelica 4.0.0+maint.om/Blocks/Continuous.mo","lineStart":132,"lineEnd":133,"colStart":5,"colEnd":73}}},
"limIntegrator.use_set":{"comment":"= true, if set port enabled and used as reinitialization value when reset","kind":"parameter","type":"Boolean","unit":"","displayUnit":"","source":{"info":{"file":"C:/Users/proto/AppData/Roaming/.openmodelica/libraries/Modelica 4.0.0+maint.om/Blocks/Continuous.mo","lineStart":134,"lineEnd":135,"colStart":5,"colEnd":99}}},
"eps":{"comment":"","kind":"constant","type":"Real","unit":"","displayUnit":"","source":{"info":{"file":"//Mac/Dropbox/HSD_Nextcloud/Lehrveranstaltungen/Sommersemester/Modellbildung_Simulation/OpenModelica/Wassertank.mo","lineStart":16,"lineEnd":16,"colStart":3,"colEnd":27}}}
},
"equations":[{"eqIndex":0,"tag":"dummy"},
{"eqIndex":1,"section":"initial","tag":"assign","defines":["limIntegrator.local_reset"],"uses":[],"equation":["false"],"source":{"info":{"file":"C:/Users/proto/AppData/Roaming/.openmodelica/libraries/Modelica 4.0.0+maint.om/Blocks/Continuous.mo","lineStart":159,"lineEnd":159,"colStart":5,"colEnd":85}}},
{"eqIndex":2,"section":"initial","tag":"assign","defines":["limIntegrator.local_set"],"uses":[],"equation":["0.0"],"source":{"info":{"file":"C:/Users/proto/AppData/Roaming/.openmodelica/libraries/Modelica 4.0.0+maint.om/Blocks/Continuous.mo","lineStart":160,"lineEnd":160,"colStart":5,"colEnd":80}}},
{"eqIndex":3,"tag":"alias","equation":[16],"section":"initial"},
{"eqIndex":4,"section":"initial","tag":"assign","defines":["limIntegrator.y"],"uses":["limIntegrator.y_start"],"equation":["limIntegrator.y_start"],"source":{"info":{"file":"C:/Users/proto/AppData/Roaming/.openmodelica/libraries/Modelica 4.0.0+maint.om/Blocks/Continuous.mo","lineStart":167,"lineEnd":167,"colStart":7,"colEnd":18}}},
{"eqIndex":5,"tag":"alias","equation":[21],"section":"initial"},
{"eqIndex":6,"tag":"alias","equation":[20],"section":"initial"},
{"eqIndex":7,"tag":"alias","equation":[19],"section":"initial"},
{"eqIndex":8,"tag":"alias","equation":[18],"section":"initial"},
{"eqIndex":9,"tag":"alias","equation":[17],"section":"initial"},
{"eqIndex":10,"section":"initial","tag":"assign","defines":["$PRE.highSignal"],"uses":["$START.highSignal"],"equation":["$START.highSignal"],"source":{"info":{"file":"","lineStart":0,"lineEnd":0,"colStart":0,"colEnd":0}}},
{"eqIndex":11,"section":"initial","tag":"assign","defines":["highSignal"],"uses":["$PRE.highSignal"],"equation":["$PRE.highSignal"],"source":{"info":{"file":"","lineStart":0,"lineEnd":0,"colStart":0,"colEnd":0}}},
{"eqIndex":12,"tag":"alias","equation":[23],"section":"initial"},
{"eqIndex":13,"section":"initial","tag":"assign","defines":["$PRE.lowSignal"],"uses":["$START.lowSignal"],"equation":["$START.lowSignal"],"source":{"info":{"file":"","lineStart":0,"lineEnd":0,"colStart":0,"colEnd":0}}},
{"eqIndex":14,"section":"initial","tag":"assign","defines":["lowSignal"],"uses":["$PRE.lowSignal"],"equation":["$PRE.lowSignal"],"source":{"info":{"file":"","lineStart":0,"lineEnd":0,"colStart":0,"colEnd":0}}},
{"eqIndex":15,"tag":"alias","equation":[25],"section":"initial"},
{"eqIndex":16,"section":"regular","tag":"assign","defines":["limIntegrator.u"],"uses":["u_out","u_in"],"equation":["u_in - u_out"],"source":{"info":{"file":"//Mac/Dropbox/HSD_Nextcloud/Lehrveranstaltungen/Sommersemester/Modellbildung_Simulation/OpenModelica/Wassertank.mo","lineStart":31,"lineEnd":31,"colStart":3,"colEnd":33}}},
{"eqIndex":17,"section":"regular","tag":"assign","defines":["der(limIntegrator.y)"],"uses":["limIntegrator.outMax","limIntegrator.u","limIntegrator.k","limIntegrator.outMin","limIntegrator.y"],"equation":["if limIntegrator.y < limIntegrator.outMin and limIntegrator.k * limIntegrator.u < 0.0 or limIntegrator.y > limIntegrator.outMax and limIntegrator.k * limIntegrator.u > 0.0 then 0.0 else limIntegrator.k * limIntegrator.u"],"source":{"info":{"file":"C:/Users/proto/AppData/Roaming/.openmodelica/libraries/Modelica 4.0.0+maint.om/Blocks/Continuous.mo","lineStart":193,"lineEnd":193,"colStart":8,"colEnd":84}}},
{"eqIndex":18,"section":"regular","tag":"assign","defines":["y"],"uses":["limIntegrator.y"],"equation":["limIntegrator.y"],"source":{"info":{"file":"","lineStart":0,"lineEnd":0,"colStart":0,"colEnd":0}}},
{"eqIndex":19,"section":"regular","tag":"assign","defines":["$whenCondition1"],"uses":["limIntegrator.y"],"equation":["limIntegrator.y <= 0.001"],"source":{"info":{"file":"//Mac/Dropbox/HSD_Nextcloud/Lehrveranstaltungen/Sommersemester/Modellbildung_Simulation/OpenModelica/Wassertank.mo","lineStart":38,"lineEnd":47,"colStart":5,"colEnd":11}}},
{"eqIndex":20,"section":"regular","tag":"assign","defines":["$whenCondition2"],"uses":["max_hoehe","limIntegrator.y"],"equation":["limIntegrator.y >= max_hoehe - 0.001"],"source":{"info":{"file":"//Mac/Dropbox/HSD_Nextcloud/Lehrveranstaltungen/Sommersemester/Modellbildung_Simulation/OpenModelica/Wassertank.mo","lineStart":38,"lineEnd":47,"colStart":5,"colEnd":11}}},
{"eqIndex":21,"section":"regular","tag":"assign","defines":["$whenCondition3"],"uses":["max_hoehe","limIntegrator.y"],"equation":["not limIntegrator.y <= 0.001 and not limIntegrator.y >= max_hoehe - 0.001"],"source":{"info":{"file":"//Mac/Dropbox/HSD_Nextcloud/Lehrveranstaltungen/Sommersemester/Modellbildung_Simulation/OpenModelica/Wassertank.mo","lineStart":38,"lineEnd":47,"colStart":5,"colEnd":11}}},
{"eqIndex":22,"section":"regular","tag":"when","defines":["highSignal"],"uses":["$whenCondition3","$whenCondition2","$whenCondition1","max_hoehe","limIntegrator.y"],"equation":["if limIntegrator.y <= 0.001 then false else limIntegrator.y >= max_hoehe - 0.001"],"source":{"info":{"file":"//Mac/Dropbox/HSD_Nextcloud/Lehrveranstaltungen/Sommersemester/Modellbildung_Simulation/OpenModelica/Wassertank.mo","lineStart":38,"lineEnd":47,"colStart":5,"colEnd":11}}},
{"eqIndex":23,"section":"regular","tag":"assign","defines":["y_high"],"uses":["highSignal"],"equation":["highSignal"],"source":{"info":{"file":"//Mac/Dropbox/HSD_Nextcloud/Lehrveranstaltungen/Sommersemester/Modellbildung_Simulation/OpenModelica/Wassertank.mo","lineStart":52,"lineEnd":52,"colStart":3,"colEnd":22}}},
{"eqIndex":24,"section":"regular","tag":"when","defines":["lowSignal"],"uses":["$whenCondition3","$whenCondition2","$whenCondition1","limIntegrator.y"],"equation":["limIntegrator.y <= 0.001"],"source":{"info":{"file":"//Mac/Dropbox/HSD_Nextcloud/Lehrveranstaltungen/Sommersemester/Modellbildung_Simulation/OpenModelica/Wassertank.mo","lineStart":38,"lineEnd":47,"colStart":5,"colEnd":11}}},
{"eqIndex":25,"section":"regular","tag":"assign","defines":["y_low"],"uses":["lowSignal"],"equation":["lowSignal"],"source":{"info":{"file":"//Mac/Dropbox/HSD_Nextcloud/Lehrveranstaltungen/Sommersemester/Modellbildung_Simulation/OpenModelica/Wassertank.mo","lineStart":51,"lineEnd":51,"colStart":3,"colEnd":20}}},
{"eqIndex":26,"section":"start","tag":"assign","defines":["$START.limIntegrator.y"],"uses":["limIntegrator.y_start"],"equation":["limIntegrator.y_start"],"source":{"info":{"file":"C:/Users/proto/AppData/Roaming/.openmodelica/libraries/Modelica 4.0.0+maint.om/Blocks/Interfaces.mo","lineStart":329,"lineEnd":330,"colStart":5,"colEnd":56}}},
{"eqIndex":27,"section":"parameter","tag":"assign","defines":["limIntegrator.strict"],"uses":[],"equation":["false"],"source":{"info":{"file":"C:/Users/proto/AppData/Roaming/.openmodelica/libraries/Modelica 4.0.0+maint.om/Blocks/Continuous.mo","lineStart":145,"lineEnd":146,"colStart":5,"colEnd":81}}},
{"eqIndex":28,"section":"parameter","tag":"assign","defines":["limIntegrator.y_start"],"uses":["initial_hoehe"],"equation":["initial_hoehe"],"source":{"info":{"file":"C:/Users/proto/AppData/Roaming/.openmodelica/libraries/Modelica 4.0.0+maint.om/Blocks/Continuous.mo","lineStart":142,"lineEnd":144,"colStart":5,"colEnd":50}}},
{"eqIndex":29,"section":"parameter","tag":"assign","defines":["limIntegrator.limitsAtInit"],"uses":[],"equation":["true"],"source":{"info":{"file":"C:/Users/proto/AppData/Roaming/.openmodelica/libraries/Modelica 4.0.0+maint.om/Blocks/Continuous.mo","lineStart":139,"lineEnd":141,"colStart":5,"colEnd":64}}},
{"eqIndex":30,"section":"parameter","tag":"assign","defines":["limIntegrator.initType"],"uses":[],"equation":["Modelica.Blocks.Types.Init.InitialState"],"source":{"info":{"file":"C:/Users/proto/AppData/Roaming/.openmodelica/libraries/Modelica 4.0.0+maint.om/Blocks/Continuous.mo","lineStart":136,"lineEnd":138,"colStart":5,"colEnd":64}}},
{"eqIndex":31,"section":"parameter","tag":"assign","defines":["limIntegrator.use_set"],"uses":[],"equation":["false"],"source":{"info":{"file":"C:/Users/proto/AppData/Roaming/.openmodelica/libraries/Modelica 4.0.0+maint.om/Blocks/Continuous.mo","lineStart":134,"lineEnd":135,"colStart":5,"colEnd":99}}},
{"eqIndex":32,"section":"parameter","tag":"assign","defines":["limIntegrator.use_reset"],"uses":[],"equation":["false"],"source":{"info":{"file":"C:/Users/proto/AppData/Roaming/.openmodelica/libraries/Modelica 4.0.0+maint.om/Blocks/Continuous.mo","lineStart":132,"lineEnd":133,"colStart":5,"colEnd":73}}},
{"eqIndex":33,"section":"parameter","tag":"assign","defines":["limIntegrator.outMax"],"uses":["max_hoehe"],"equation":["max_hoehe"],"source":{"info":{"file":"C:/Users/proto/AppData/Roaming/.openmodelica/libraries/Modelica 4.0.0+maint.om/Blocks/Continuous.mo","lineStart":130,"lineEnd":130,"colStart":5,"colEnd":59}}},
{"eqIndex":34,"tag":"alias","equation":[2],"section":"parameter"},
{"eqIndex":35,"tag":"alias","equation":[1],"section":"parameter"},
{"eqIndex":36,"section":"parameter","tag":"algorithm","equation":["assert(limIntegrator.initType >= Modelica.Blocks.Types.Init.NoInit and limIntegrator.initType <= Modelica.Blocks.Types.Init.InitialOutput, \"Variable violating min/max constraint: Modelica.Blocks.Types.Init.NoInit <= limIntegrator.initType <= Modelica.Blocks.Types.Init.InitialOutput, has value: \" + String(limIntegrator.initType, \"d\"));"],"source":{"info":{"file":"C:/Users/proto/AppData/Roaming/.openmodelica/libraries/Modelica 4.0.0+maint.om/Blocks/Continuous.mo","lineStart":136,"lineEnd":138,"colStart":5,"colEnd":64}}}
],
"functions":[
]
}